car_id,image_type,local_path,source_url,source_page_url,creator,license,license_url,attribution,verified
1,hero,01_Nissan_GT_R_R34/01_nissan_gt_r_r34_hero.jpg,,,,,,,NO
1,front,01_Nissan_GT_R_R34/01_nissan_gt_r_r34_front.jpg,,,,,,,NO
1,rear,01_Nissan_GT_R_R34/01_nissan_gt_r_r34_rear.jpg,,,,,,,NO
1,side,01_Nissan_GT_R_R34/01_nissan_gt_r_r34_side.jpg,,,,,,,NO
1,interior,01_Nissan_GT_R_R34/01_nissan_gt_r_r34_interior.jpg,,,,,,,NO
1,dashboard,01_Nissan_GT_R_R34/01_nissan_gt_r_r34_dashboard.jpg,,,,,,,NO
1,engine,01_Nissan_GT_R_R34/01_nissan_gt_r_r34_engine.jpg,,,,,,,NO
1,wheels,01_Nissan_GT_R_R34/01_nissan_gt_r_r34_wheels.jpg,,,,,,,NO
1,detail,01_Nissan_GT_R_R34/01_nissan_gt_r_r34_detail.jpg,,,,,,,NO
2,hero,02_Nissan_GT_R_R35/02_nissan_gt_r_r35_hero.jpg,,,,,,,NO
2,front,02_Nissan_GT_R_R35/02_nissan_gt_r_r35_front.jpg,,,,,,,NO
2,rear,02_Nissan_GT_R_R35/02_nissan_gt_r_r35_rear.jpg,,,,,,,NO
2,side,02_Nissan_GT_R_R35/02_nissan_gt_r_r35_side.jpg,,,,,,,NO
2,interior,02_Nissan_GT_R_R35/02_nissan_gt_r_r35_interior.jpg,,,,,,,NO
2,dashboard,02_Nissan_GT_R_R35/02_nissan_gt_r_r35_dashboard.jpg,,,,,,,NO
2,engine,02_Nissan_GT_R_R35/02_nissan_gt_r_r35_engine.jpg,,,,,,,NO
2,wheels,02_Nissan_GT_R_R35/02_nissan_gt_r_r35_wheels.jpg,,,,,,,NO
2,detail,02_Nissan_GT_R_R35/02_nissan_gt_r_r35_detail.jpg,,,,,,,NO
3,hero,03_Nissan_370Z/03_nissan_370z_hero.jpg,,,,,,,NO
3,front,03_Nissan_370Z/03_nissan_370z_front.jpg,,,,,,,NO
3,rear,03_Nissan_370Z/03_nissan_370z_rear.jpg,,,,,,,NO
3,side,03_Nissan_370Z/03_nissan_370z_side.jpg,,,,,,,NO
3,interior,03_Nissan_370Z/03_nissan_370z_interior.jpg,,,,,,,NO
3,dashboard,03_Nissan_370Z/03_nissan_370z_dashboard.jpg,,,,,,,NO
3,engine,03_Nissan_370Z/03_nissan_370z_engine.jpg,,,,,,,NO
3,wheels,03_Nissan_370Z/03_nissan_370z_wheels.jpg,,,,,,,NO
3,detail,03_Nissan_370Z/03_nissan_370z_detail.jpg,,,,,,,NO
4,hero,04_Nissan_Silvia_S15/04_nissan_silvia_s15_hero.jpg,,,,,,,NO
4,front,04_Nissan_Silvia_S15/04_nissan_silvia_s15_front.jpg,,,,,,,NO
4,rear,04_Nissan_Silvia_S15/04_nissan_silvia_s15_rear.jpg,,,,,,,NO
4,side,04_Nissan_Silvia_S15/04_nissan_silvia_s15_side.jpg,,,,,,,NO
4,interior,04_Nissan_Silvia_S15/04_nissan_silvia_s15_interior.jpg,,,,,,,NO
4,dashboard,04_Nissan_Silvia_S15/04_nissan_silvia_s15_dashboard.jpg,,,,,,,NO
4,engine,04_Nissan_Silvia_S15/04_nissan_silvia_s15_engine.jpg,,,,,,,NO
4,wheels,04_Nissan_Silvia_S15/04_nissan_silvia_s15_wheels.jpg,,,,,,,NO
4,detail,04_Nissan_Silvia_S15/04_nissan_silvia_s15_detail.jpg,,,,,,,NO
5,hero,05_Toyota_Supra_MK4/05_toyota_supra_mk4_hero.jpg,,,,,,,NO
5,front,05_Toyota_Supra_MK4/05_toyota_supra_mk4_front.jpg,,,,,,,NO
5,rear,05_Toyota_Supra_MK4/05_toyota_supra_mk4_rear.jpg,,,,,,,NO
5,side,05_Toyota_Supra_MK4/05_toyota_supra_mk4_side.jpg,,,,,,,NO
5,interior,05_Toyota_Supra_MK4/05_toyota_supra_mk4_interior.jpg,,,,,,,NO
5,dashboard,05_Toyota_Supra_MK4/05_toyota_supra_mk4_dashboard.jpg,,,,,,,NO
5,engine,05_Toyota_Supra_MK4/05_toyota_supra_mk4_engine.jpg,,,,,,,NO
5,wheels,05_Toyota_Supra_MK4/05_toyota_supra_mk4_wheels.jpg,,,,,,,NO
5,detail,05_Toyota_Supra_MK4/05_toyota_supra_mk4_detail.jpg,,,,,,,NO
6,hero,06_Toyota_GR_Supra/06_toyota_gr_supra_hero.jpg,,,,,,,NO
6,front,06_Toyota_GR_Supra/06_toyota_gr_supra_front.jpg,,,,,,,NO
6,rear,06_Toyota_GR_Supra/06_toyota_gr_supra_rear.jpg,,,,,,,NO
6,side,06_Toyota_GR_Supra/06_toyota_gr_supra_side.jpg,,,,,,,NO
6,interior,06_Toyota_GR_Supra/06_toyota_gr_supra_interior.jpg,,,,,,,NO
6,dashboard,06_Toyota_GR_Supra/06_toyota_gr_supra_dashboard.jpg,,,,,,,NO
6,engine,06_Toyota_GR_Supra/06_toyota_gr_supra_engine.jpg,,,,,,,NO
6,wheels,06_Toyota_GR_Supra/06_toyota_gr_supra_wheels.jpg,,,,,,,NO
6,detail,06_Toyota_GR_Supra/06_toyota_gr_supra_detail.jpg,,,,,,,NO
7,hero,07_Toyota_AE86/07_toyota_ae86_hero.jpg,,,,,,,NO
7,front,07_Toyota_AE86/07_toyota_ae86_front.jpg,,,,,,,NO
7,rear,07_Toyota_AE86/07_toyota_ae86_rear.jpg,,,,,,,NO
7,side,07_Toyota_AE86/07_toyota_ae86_side.jpg,,,,,,,NO
7,interior,07_Toyota_AE86/07_toyota_ae86_interior.jpg,,,,,,,NO
7,dashboard,07_Toyota_AE86/07_toyota_ae86_dashboard.jpg,,,,,,,NO
7,engine,07_Toyota_AE86/07_toyota_ae86_engine.jpg,,,,,,,NO
7,wheels,07_Toyota_AE86/07_toyota_ae86_wheels.jpg,,,,,,,NO
7,detail,07_Toyota_AE86/07_toyota_ae86_detail.jpg,,,,,,,NO
8,hero,08_Toyota_GR86/08_toyota_gr86_hero.jpg,,,,,,,NO
8,front,08_Toyota_GR86/08_toyota_gr86_front.jpg,,,,,,,NO
8,rear,08_Toyota_GR86/08_toyota_gr86_rear.jpg,,,,,,,NO
8,side,08_Toyota_GR86/08_toyota_gr86_side.jpg,,,,,,,NO
8,interior,08_Toyota_GR86/08_toyota_gr86_interior.jpg,,,,,,,NO
8,dashboard,08_Toyota_GR86/08_toyota_gr86_dashboard.jpg,,,,,,,NO
8,engine,08_Toyota_GR86/08_toyota_gr86_engine.jpg,,,,,,,NO
8,wheels,08_Toyota_GR86/08_toyota_gr86_wheels.jpg,,,,,,,NO
8,detail,08_Toyota_GR86/08_toyota_gr86_detail.jpg,,,,,,,NO
9,hero,09_Mazda_RX_7_FD/09_mazda_rx_7_fd_hero.jpg,,,,,,,NO
9,front,09_Mazda_RX_7_FD/09_mazda_rx_7_fd_front.jpg,,,,,,,NO
9,rear,09_Mazda_RX_7_FD/09_mazda_rx_7_fd_rear.jpg,,,,,,,NO
9,side,09_Mazda_RX_7_FD/09_mazda_rx_7_fd_side.jpg,,,,,,,NO
9,interior,09_Mazda_RX_7_FD/09_mazda_rx_7_fd_interior.jpg,,,,,,,NO
9,dashboard,09_Mazda_RX_7_FD/09_mazda_rx_7_fd_dashboard.jpg,,,,,,,NO
9,engine,09_Mazda_RX_7_FD/09_mazda_rx_7_fd_engine.jpg,,,,,,,NO
9,wheels,09_Mazda_RX_7_FD/09_mazda_rx_7_fd_wheels.jpg,,,,,,,NO
9,detail,09_Mazda_RX_7_FD/09_mazda_rx_7_fd_detail.jpg,,,,,,,NO
10,hero,10_Mazda_RX_8/10_mazda_rx_8_hero.jpg,,,,,,,NO
10,front,10_Mazda_RX_8/10_mazda_rx_8_front.jpg,,,,,,,NO
10,rear,10_Mazda_RX_8/10_mazda_rx_8_rear.jpg,,,,,,,NO
10,side,10_Mazda_RX_8/10_mazda_rx_8_side.jpg,,,,,,,NO
10,interior,10_Mazda_RX_8/10_mazda_rx_8_interior.jpg,,,,,,,NO
10,dashboard,10_Mazda_RX_8/10_mazda_rx_8_dashboard.jpg,,,,,,,NO
10,engine,10_Mazda_RX_8/10_mazda_rx_8_engine.jpg,,,,,,,NO
10,wheels,10_Mazda_RX_8/10_mazda_rx_8_wheels.jpg,,,,,,,NO
10,detail,10_Mazda_RX_8/10_mazda_rx_8_detail.jpg,,,,,,,NO
11,hero,11_Honda_NSX_NA1/11_honda_nsx_na1_hero.jpg,,,,,,,NO
11,front,11_Honda_NSX_NA1/11_honda_nsx_na1_front.jpg,,,,,,,NO
11,rear,11_Honda_NSX_NA1/11_honda_nsx_na1_rear.jpg,,,,,,,NO
11,side,11_Honda_NSX_NA1/11_honda_nsx_na1_side.jpg,,,,,,,NO
11,interior,11_Honda_NSX_NA1/11_honda_nsx_na1_interior.jpg,,,,,,,NO
11,dashboard,11_Honda_NSX_NA1/11_honda_nsx_na1_dashboard.jpg,,,,,,,NO
11,engine,11_Honda_NSX_NA1/11_honda_nsx_na1_engine.jpg,,,,,,,NO
11,wheels,11_Honda_NSX_NA1/11_honda_nsx_na1_wheels.jpg,,,,,,,NO
11,detail,11_Honda_NSX_NA1/11_honda_nsx_na1_detail.jpg,,,,,,,NO
12,hero,12_Honda_Civic_Type_R_FK8/12_honda_civic_type_r_fk8_hero.jpg,,,,,,,NO
12,front,12_Honda_Civic_Type_R_FK8/12_honda_civic_type_r_fk8_front.jpg,,,,,,,NO
12,rear,12_Honda_Civic_Type_R_FK8/12_honda_civic_type_r_fk8_rear.jpg,,,,,,,NO
12,side,12_Honda_Civic_Type_R_FK8/12_honda_civic_type_r_fk8_side.jpg,,,,,,,NO
12,interior,12_Honda_Civic_Type_R_FK8/12_honda_civic_type_r_fk8_interior.jpg,,,,,,,NO
12,dashboard,12_Honda_Civic_Type_R_FK8/12_honda_civic_type_r_fk8_dashboard.jpg,,,,,,,NO
12,engine,12_Honda_Civic_Type_R_FK8/12_honda_civic_type_r_fk8_engine.jpg,,,,,,,NO
12,wheels,12_Honda_Civic_Type_R_FK8/12_honda_civic_type_r_fk8_wheels.jpg,,,,,,,NO
12,detail,12_Honda_Civic_Type_R_FK8/12_honda_civic_type_r_fk8_detail.jpg,,,,,,,NO
13,hero,13_Honda_S2000_AP2/13_honda_s2000_ap2_hero.jpg,,,,,,,NO
13,front,13_Honda_S2000_AP2/13_honda_s2000_ap2_front.jpg,,,,,,,NO
13,rear,13_Honda_S2000_AP2/13_honda_s2000_ap2_rear.jpg,,,,,,,NO
13,side,13_Honda_S2000_AP2/13_honda_s2000_ap2_side.jpg,,,,,,,NO
13,interior,13_Honda_S2000_AP2/13_honda_s2000_ap2_interior.jpg,,,,,,,NO
13,dashboard,13_Honda_S2000_AP2/13_honda_s2000_ap2_dashboard.jpg,,,,,,,NO
13,engine,13_Honda_S2000_AP2/13_honda_s2000_ap2_engine.jpg,,,,,,,NO
13,wheels,13_Honda_S2000_AP2/13_honda_s2000_ap2_wheels.jpg,,,,,,,NO
13,detail,13_Honda_S2000_AP2/13_honda_s2000_ap2_detail.jpg,,,,,,,NO
14,hero,14_Subaru_WRX_STI_VA/14_subaru_wrx_sti_va_hero.jpg,,,,,,,NO
14,front,14_Subaru_WRX_STI_VA/14_subaru_wrx_sti_va_front.jpg,,,,,,,NO
14,rear,14_Subaru_WRX_STI_VA/14_subaru_wrx_sti_va_rear.jpg,,,,,,,NO
14,side,14_Subaru_WRX_STI_VA/14_subaru_wrx_sti_va_side.jpg,,,,,,,NO
14,interior,14_Subaru_WRX_STI_VA/14_subaru_wrx_sti_va_interior.jpg,,,,,,,NO
14,dashboard,14_Subaru_WRX_STI_VA/14_subaru_wrx_sti_va_dashboard.jpg,,,,,,,NO
14,engine,14_Subaru_WRX_STI_VA/14_subaru_wrx_sti_va_engine.jpg,,,,,,,NO
14,wheels,14_Subaru_WRX_STI_VA/14_subaru_wrx_sti_va_wheels.jpg,,,,,,,NO
14,detail,14_Subaru_WRX_STI_VA/14_subaru_wrx_sti_va_detail.jpg,,,,,,,NO
15,hero,15_Mitsubishi_Lancer_Evolution_IX/15_mitsubishi_lancer_evolution_ix_hero.jpg,,,,,,,NO
15,front,15_Mitsubishi_Lancer_Evolution_IX/15_mitsubishi_lancer_evolution_ix_front.jpg,,,,,,,NO
15,rear,15_Mitsubishi_Lancer_Evolution_IX/15_mitsubishi_lancer_evolution_ix_rear.jpg,,,,,,,NO
15,side,15_Mitsubishi_Lancer_Evolution_IX/15_mitsubishi_lancer_evolution_ix_side.jpg,,,,,,,NO
15,interior,15_Mitsubishi_Lancer_Evolution_IX/15_mitsubishi_lancer_evolution_ix_interior.jpg,,,,,,,NO
15,dashboard,15_Mitsubishi_Lancer_Evolution_IX/15_mitsubishi_lancer_evolution_ix_dashboard.jpg,,,,,,,NO
15,engine,15_Mitsubishi_Lancer_Evolution_IX/15_mitsubishi_lancer_evolution_ix_engine.jpg,,,,,,,NO
15,wheels,15_Mitsubishi_Lancer_Evolution_IX/15_mitsubishi_lancer_evolution_ix_wheels.jpg,,,,,,,NO
15,detail,15_Mitsubishi_Lancer_Evolution_IX/15_mitsubishi_lancer_evolution_ix_detail.jpg,,,,,,,NO
16,hero,16_BMW_M3_E46/16_bmw_m3_e46_hero.jpg,,,,,,,NO
16,front,16_BMW_M3_E46/16_bmw_m3_e46_front.jpg,,,,,,,NO
16,rear,16_BMW_M3_E46/16_bmw_m3_e46_rear.jpg,,,,,,,NO
16,side,16_BMW_M3_E46/16_bmw_m3_e46_side.jpg,,,,,,,NO
16,interior,16_BMW_M3_E46/16_bmw_m3_e46_interior.jpg,,,,,,,NO
16,dashboard,16_BMW_M3_E46/16_bmw_m3_e46_dashboard.jpg,,,,,,,NO
16,engine,16_BMW_M3_E46/16_bmw_m3_e46_engine.jpg,,,,,,,NO
16,wheels,16_BMW_M3_E46/16_bmw_m3_e46_wheels.jpg,,,,,,,NO
16,detail,16_BMW_M3_E46/16_bmw_m3_e46_detail.jpg,,,,,,,NO
17,hero,17_BMW_M4_Competition_G82/17_bmw_m4_competition_g82_hero.jpg,,,,,,,NO
17,front,17_BMW_M4_Competition_G82/17_bmw_m4_competition_g82_front.jpg,,,,,,,NO
17,rear,17_BMW_M4_Competition_G82/17_bmw_m4_competition_g82_rear.jpg,,,,,,,NO
17,side,17_BMW_M4_Competition_G82/17_bmw_m4_competition_g82_side.jpg,,,,,,,NO
17,interior,17_BMW_M4_Competition_G82/17_bmw_m4_competition_g82_interior.jpg,,,,,,,NO
17,dashboard,17_BMW_M4_Competition_G82/17_bmw_m4_competition_g82_dashboard.jpg,,,,,,,NO
17,engine,17_BMW_M4_Competition_G82/17_bmw_m4_competition_g82_engine.jpg,,,,,,,NO
17,wheels,17_BMW_M4_Competition_G82/17_bmw_m4_competition_g82_wheels.jpg,,,,,,,NO
17,detail,17_BMW_M4_Competition_G82/17_bmw_m4_competition_g82_detail.jpg,,,,,,,NO
18,hero,18_BMW_M5_E60/18_bmw_m5_e60_hero.jpg,,,,,,,NO
18,front,18_BMW_M5_E60/18_bmw_m5_e60_front.jpg,,,,,,,NO
18,rear,18_BMW_M5_E60/18_bmw_m5_e60_rear.jpg,,,,,,,NO
18,side,18_BMW_M5_E60/18_bmw_m5_e60_side.jpg,,,,,,,NO
18,interior,18_BMW_M5_E60/18_bmw_m5_e60_interior.jpg,,,,,,,NO
18,dashboard,18_BMW_M5_E60/18_bmw_m5_e60_dashboard.jpg,,,,,,,NO
18,engine,18_BMW_M5_E60/18_bmw_m5_e60_engine.jpg,,,,,,,NO
18,wheels,18_BMW_M5_E60/18_bmw_m5_e60_wheels.jpg,,,,,,,NO
18,detail,18_BMW_M5_E60/18_bmw_m5_e60_detail.jpg,,,,,,,NO
19,hero,19_BMW_M8_Competition/19_bmw_m8_competition_hero.jpg,,,,,,,NO
19,front,19_BMW_M8_Competition/19_bmw_m8_competition_front.jpg,,,,,,,NO
19,rear,19_BMW_M8_Competition/19_bmw_m8_competition_rear.jpg,,,,,,,NO
19,side,19_BMW_M8_Competition/19_bmw_m8_competition_side.jpg,,,,,,,NO
19,interior,19_BMW_M8_Competition/19_bmw_m8_competition_interior.jpg,,,,,,,NO
19,dashboard,19_BMW_M8_Competition/19_bmw_m8_competition_dashboard.jpg,,,,,,,NO
19,engine,19_BMW_M8_Competition/19_bmw_m8_competition_engine.jpg,,,,,,,NO
19,wheels,19_BMW_M8_Competition/19_bmw_m8_competition_wheels.jpg,,,,,,,NO
19,detail,19_BMW_M8_Competition/19_bmw_m8_competition_detail.jpg,,,,,,,NO
20,hero,20_Audi_RS6_Avant_C8/20_audi_rs6_avant_c8_hero.jpg,,,,,,,NO
20,front,20_Audi_RS6_Avant_C8/20_audi_rs6_avant_c8_front.jpg,,,,,,,NO
20,rear,20_Audi_RS6_Avant_C8/20_audi_rs6_avant_c8_rear.jpg,,,,,,,NO
20,side,20_Audi_RS6_Avant_C8/20_audi_rs6_avant_c8_side.jpg,,,,,,,NO
20,interior,20_Audi_RS6_Avant_C8/20_audi_rs6_avant_c8_interior.jpg,,,,,,,NO
20,dashboard,20_Audi_RS6_Avant_C8/20_audi_rs6_avant_c8_dashboard.jpg,,,,,,,NO
20,engine,20_Audi_RS6_Avant_C8/20_audi_rs6_avant_c8_engine.jpg,,,,,,,NO
20,wheels,20_Audi_RS6_Avant_C8/20_audi_rs6_avant_c8_wheels.jpg,,,,,,,NO
20,detail,20_Audi_RS6_Avant_C8/20_audi_rs6_avant_c8_detail.jpg,,,,,,,NO
21,hero,21_Audi_R8_V10_Performance/21_audi_r8_v10_performance_hero.jpg,,,,,,,NO
21,front,21_Audi_R8_V10_Performance/21_audi_r8_v10_performance_front.jpg,,,,,,,NO
21,rear,21_Audi_R8_V10_Performance/21_audi_r8_v10_performance_rear.jpg,,,,,,,NO
21,side,21_Audi_R8_V10_Performance/21_audi_r8_v10_performance_side.jpg,,,,,,,NO
21,interior,21_Audi_R8_V10_Performance/21_audi_r8_v10_performance_interior.jpg,,,,,,,NO
21,dashboard,21_Audi_R8_V10_Performance/21_audi_r8_v10_performance_dashboard.jpg,,,,,,,NO
21,engine,21_Audi_R8_V10_Performance/21_audi_r8_v10_performance_engine.jpg,,,,,,,NO
21,wheels,21_Audi_R8_V10_Performance/21_audi_r8_v10_performance_wheels.jpg,,,,,,,NO
21,detail,21_Audi_R8_V10_Performance/21_audi_r8_v10_performance_detail.jpg,,,,,,,NO
22,hero,22_Mercedes_Benz_C63_AMG_W204/22_mercedes_benz_c63_amg_w204_hero.jpg,,,,,,,NO
22,front,22_Mercedes_Benz_C63_AMG_W204/22_mercedes_benz_c63_amg_w204_front.jpg,,,,,,,NO
22,rear,22_Mercedes_Benz_C63_AMG_W204/22_mercedes_benz_c63_amg_w204_rear.jpg,,,,,,,NO
22,side,22_Mercedes_Benz_C63_AMG_W204/22_mercedes_benz_c63_amg_w204_side.jpg,,,,,,,NO
22,interior,22_Mercedes_Benz_C63_AMG_W204/22_mercedes_benz_c63_amg_w204_interior.jpg,,,,,,,NO
22,dashboard,22_Mercedes_Benz_C63_AMG_W204/22_mercedes_benz_c63_amg_w204_dashboard.jpg,,,,,,,NO
22,engine,22_Mercedes_Benz_C63_AMG_W204/22_mercedes_benz_c63_amg_w204_engine.jpg,,,,,,,NO
22,wheels,22_Mercedes_Benz_C63_AMG_W204/22_mercedes_benz_c63_amg_w204_wheels.jpg,,,,,,,NO
22,detail,22_Mercedes_Benz_C63_AMG_W204/22_mercedes_benz_c63_amg_w204_detail.jpg,,,,,,,NO
23,hero,23_Mercedes_Benz_AMG_GT_R/23_mercedes_benz_amg_gt_r_hero.jpg,,,,,,,NO
23,front,23_Mercedes_Benz_AMG_GT_R/23_mercedes_benz_amg_gt_r_front.jpg,,,,,,,NO
23,rear,23_Mercedes_Benz_AMG_GT_R/23_mercedes_benz_amg_gt_r_rear.jpg,,,,,,,NO
23,side,23_Mercedes_Benz_AMG_GT_R/23_mercedes_benz_amg_gt_r_side.jpg,,,,,,,NO
23,interior,23_Mercedes_Benz_AMG_GT_R/23_mercedes_benz_amg_gt_r_interior.jpg,,,,,,,NO
23,dashboard,23_Mercedes_Benz_AMG_GT_R/23_mercedes_benz_amg_gt_r_dashboard.jpg,,,,,,,NO
23,engine,23_Mercedes_Benz_AMG_GT_R/23_mercedes_benz_amg_gt_r_engine.jpg,,,,,,,NO
23,wheels,23_Mercedes_Benz_AMG_GT_R/23_mercedes_benz_amg_gt_r_wheels.jpg,,,,,,,NO
23,detail,23_Mercedes_Benz_AMG_GT_R/23_mercedes_benz_amg_gt_r_detail.jpg,,,,,,,NO
24,hero,24_Porsche_911_GT3_992/24_porsche_911_gt3_992_hero.jpg,,,,,,,NO
24,front,24_Porsche_911_GT3_992/24_porsche_911_gt3_992_front.jpg,,,,,,,NO
24,rear,24_Porsche_911_GT3_992/24_porsche_911_gt3_992_rear.jpg,,,,,,,NO
24,side,24_Porsche_911_GT3_992/24_porsche_911_gt3_992_side.jpg,,,,,,,NO
24,interior,24_Porsche_911_GT3_992/24_porsche_911_gt3_992_interior.jpg,,,,,,,NO
24,dashboard,24_Porsche_911_GT3_992/24_porsche_911_gt3_992_dashboard.jpg,,,,,,,NO
24,engine,24_Porsche_911_GT3_992/24_porsche_911_gt3_992_engine.jpg,,,,,,,NO
24,wheels,24_Porsche_911_GT3_992/24_porsche_911_gt3_992_wheels.jpg,,,,,,,NO
24,detail,24_Porsche_911_GT3_992/24_porsche_911_gt3_992_detail.jpg,,,,,,,NO
25,hero,25_Porsche_Carrera_GT/25_porsche_carrera_gt_hero.jpg,,,,,,,NO
25,front,25_Porsche_Carrera_GT/25_porsche_carrera_gt_front.jpg,,,,,,,NO
25,rear,25_Porsche_Carrera_GT/25_porsche_carrera_gt_rear.jpg,,,,,,,NO
25,side,25_Porsche_Carrera_GT/25_porsche_carrera_gt_side.jpg,,,,,,,NO
25,interior,25_Porsche_Carrera_GT/25_porsche_carrera_gt_interior.jpg,,,,,,,NO
25,dashboard,25_Porsche_Carrera_GT/25_porsche_carrera_gt_dashboard.jpg,,,,,,,NO
25,engine,25_Porsche_Carrera_GT/25_porsche_carrera_gt_engine.jpg,,,,,,,NO
25,wheels,25_Porsche_Carrera_GT/25_porsche_carrera_gt_wheels.jpg,,,,,,,NO
25,detail,25_Porsche_Carrera_GT/25_porsche_carrera_gt_detail.jpg,,,,,,,NO
26,hero,26_Ferrari_F40/26_ferrari_f40_hero.jpg,,,,,,,NO
26,front,26_Ferrari_F40/26_ferrari_f40_front.jpg,,,,,,,NO
26,rear,26_Ferrari_F40/26_ferrari_f40_rear.jpg,,,,,,,NO
26,side,26_Ferrari_F40/26_ferrari_f40_side.jpg,,,,,,,NO
26,interior,26_Ferrari_F40/26_ferrari_f40_interior.jpg,,,,,,,NO
26,dashboard,26_Ferrari_F40/26_ferrari_f40_dashboard.jpg,,,,,,,NO
26,engine,26_Ferrari_F40/26_ferrari_f40_engine.jpg,,,,,,,NO
26,wheels,26_Ferrari_F40/26_ferrari_f40_wheels.jpg,,,,,,,NO
26,detail,26_Ferrari_F40/26_ferrari_f40_detail.jpg,,,,,,,NO
27,hero,27_Ferrari_F50/27_ferrari_f50_hero.jpg,,,,,,,NO
27,front,27_Ferrari_F50/27_ferrari_f50_front.jpg,,,,,,,NO
27,rear,27_Ferrari_F50/27_ferrari_f50_rear.jpg,,,,,,,NO
27,side,27_Ferrari_F50/27_ferrari_f50_side.jpg,,,,,,,NO
27,interior,27_Ferrari_F50/27_ferrari_f50_interior.jpg,,,,,,,NO
27,dashboard,27_Ferrari_F50/27_ferrari_f50_dashboard.jpg,,,,,,,NO
27,engine,27_Ferrari_F50/27_ferrari_f50_engine.jpg,,,,,,,NO
27,wheels,27_Ferrari_F50/27_ferrari_f50_wheels.jpg,,,,,,,NO
27,detail,27_Ferrari_F50/27_ferrari_f50_detail.jpg,,,,,,,NO
28,hero,28_Ferrari_Enzo/28_ferrari_enzo_hero.jpg,,,,,,,NO
28,front,28_Ferrari_Enzo/28_ferrari_enzo_front.jpg,,,,,,,NO
28,rear,28_Ferrari_Enzo/28_ferrari_enzo_rear.jpg,,,,,,,NO
28,side,28_Ferrari_Enzo/28_ferrari_enzo_side.jpg,,,,,,,NO
28,interior,28_Ferrari_Enzo/28_ferrari_enzo_interior.jpg,,,,,,,NO
28,dashboard,28_Ferrari_Enzo/28_ferrari_enzo_dashboard.jpg,,,,,,,NO
28,engine,28_Ferrari_Enzo/28_ferrari_enzo_engine.jpg,,,,,,,NO
28,wheels,28_Ferrari_Enzo/28_ferrari_enzo_wheels.jpg,,,,,,,NO
28,detail,28_Ferrari_Enzo/28_ferrari_enzo_detail.jpg,,,,,,,NO
29,hero,29_Ferrari_458_Italia/29_ferrari_458_italia_hero.jpg,,,,,,,NO
29,front,29_Ferrari_458_Italia/29_ferrari_458_italia_front.jpg,,,,,,,NO
29,rear,29_Ferrari_458_Italia/29_ferrari_458_italia_rear.jpg,,,,,,,NO
29,side,29_Ferrari_458_Italia/29_ferrari_458_italia_side.jpg,,,,,,,NO
29,interior,29_Ferrari_458_Italia/29_ferrari_458_italia_interior.jpg,,,,,,,NO
29,dashboard,29_Ferrari_458_Italia/29_ferrari_458_italia_dashboard.jpg,,,,,,,NO
29,engine,29_Ferrari_458_Italia/29_ferrari_458_italia_engine.jpg,,,,,,,NO
29,wheels,29_Ferrari_458_Italia/29_ferrari_458_italia_wheels.jpg,,,,,,,NO
29,detail,29_Ferrari_458_Italia/29_ferrari_458_italia_detail.jpg,,,,,,,NO
30,hero,30_Ferrari_SF90_Stradale/30_ferrari_sf90_stradale_hero.jpg,,,,,,,NO
30,front,30_Ferrari_SF90_Stradale/30_ferrari_sf90_stradale_front.jpg,,,,,,,NO
30,rear,30_Ferrari_SF90_Stradale/30_ferrari_sf90_stradale_rear.jpg,,,,,,,NO
30,side,30_Ferrari_SF90_Stradale/30_ferrari_sf90_stradale_side.jpg,,,,,,,NO
30,interior,30_Ferrari_SF90_Stradale/30_ferrari_sf90_stradale_interior.jpg,,,,,,,NO
30,dashboard,30_Ferrari_SF90_Stradale/30_ferrari_sf90_stradale_dashboard.jpg,,,,,,,NO
30,engine,30_Ferrari_SF90_Stradale/30_ferrari_sf90_stradale_engine.jpg,,,,,,,NO
30,wheels,30_Ferrari_SF90_Stradale/30_ferrari_sf90_stradale_wheels.jpg,,,,,,,NO
30,detail,30_Ferrari_SF90_Stradale/30_ferrari_sf90_stradale_detail.jpg,,,,,,,NO
31,hero,31_Lamborghini_Gallardo_LP560_4/31_lamborghini_gallardo_lp560_4_hero.jpg,,,,,,,NO
31,front,31_Lamborghini_Gallardo_LP560_4/31_lamborghini_gallardo_lp560_4_front.jpg,,,,,,,NO
31,rear,31_Lamborghini_Gallardo_LP560_4/31_lamborghini_gallardo_lp560_4_rear.jpg,,,,,,,NO
31,side,31_Lamborghini_Gallardo_LP560_4/31_lamborghini_gallardo_lp560_4_side.jpg,,,,,,,NO
31,interior,31_Lamborghini_Gallardo_LP560_4/31_lamborghini_gallardo_lp560_4_interior.jpg,,,,,,,NO
31,dashboard,31_Lamborghini_Gallardo_LP560_4/31_lamborghini_gallardo_lp560_4_dashboard.jpg,,,,,,,NO
31,engine,31_Lamborghini_Gallardo_LP560_4/31_lamborghini_gallardo_lp560_4_engine.jpg,,,,,,,NO
31,wheels,31_Lamborghini_Gallardo_LP560_4/31_lamborghini_gallardo_lp560_4_wheels.jpg,,,,,,,NO
31,detail,31_Lamborghini_Gallardo_LP560_4/31_lamborghini_gallardo_lp560_4_detail.jpg,,,,,,,NO
32,hero,32_Lamborghini_Murci_lago_LP640/32_lamborghini_murci_lago_lp640_hero.jpg,,,,,,,NO
32,front,32_Lamborghini_Murci_lago_LP640/32_lamborghini_murci_lago_lp640_front.jpg,,,,,,,NO
32,rear,32_Lamborghini_Murci_lago_LP640/32_lamborghini_murci_lago_lp640_rear.jpg,,,,,,,NO
32,side,32_Lamborghini_Murci_lago_LP640/32_lamborghini_murci_lago_lp640_side.jpg,,,,,,,NO
32,interior,32_Lamborghini_Murci_lago_LP640/32_lamborghini_murci_lago_lp640_interior.jpg,,,,,,,NO
32,dashboard,32_Lamborghini_Murci_lago_LP640/32_lamborghini_murci_lago_lp640_dashboard.jpg,,,,,,,NO
32,engine,32_Lamborghini_Murci_lago_LP640/32_lamborghini_murci_lago_lp640_engine.jpg,,,,,,,NO
32,wheels,32_Lamborghini_Murci_lago_LP640/32_lamborghini_murci_lago_lp640_wheels.jpg,,,,,,,NO
32,detail,32_Lamborghini_Murci_lago_LP640/32_lamborghini_murci_lago_lp640_detail.jpg,,,,,,,NO
33,hero,33_Lamborghini_Aventador_SVJ/33_lamborghini_aventador_svj_hero.jpg,,,,,,,NO
33,front,33_Lamborghini_Aventador_SVJ/33_lamborghini_aventador_svj_front.jpg,,,,,,,NO
33,rear,33_Lamborghini_Aventador_SVJ/33_lamborghini_aventador_svj_rear.jpg,,,,,,,NO
33,side,33_Lamborghini_Aventador_SVJ/33_lamborghini_aventador_svj_side.jpg,,,,,,,NO
33,interior,33_Lamborghini_Aventador_SVJ/33_lamborghini_aventador_svj_interior.jpg,,,,,,,NO
33,dashboard,33_Lamborghini_Aventador_SVJ/33_lamborghini_aventador_svj_dashboard.jpg,,,,,,,NO
33,engine,33_Lamborghini_Aventador_SVJ/33_lamborghini_aventador_svj_engine.jpg,,,,,,,NO
33,wheels,33_Lamborghini_Aventador_SVJ/33_lamborghini_aventador_svj_wheels.jpg,,,,,,,NO
33,detail,33_Lamborghini_Aventador_SVJ/33_lamborghini_aventador_svj_detail.jpg,,,,,,,NO
34,hero,34_Pagani_Huayra/34_pagani_huayra_hero.jpg,,,,,,,NO
34,front,34_Pagani_Huayra/34_pagani_huayra_front.jpg,,,,,,,NO
34,rear,34_Pagani_Huayra/34_pagani_huayra_rear.jpg,,,,,,,NO
34,side,34_Pagani_Huayra/34_pagani_huayra_side.jpg,,,,,,,NO
34,interior,34_Pagani_Huayra/34_pagani_huayra_interior.jpg,,,,,,,NO
34,dashboard,34_Pagani_Huayra/34_pagani_huayra_dashboard.jpg,,,,,,,NO
34,engine,34_Pagani_Huayra/34_pagani_huayra_engine.jpg,,,,,,,NO
34,wheels,34_Pagani_Huayra/34_pagani_huayra_wheels.jpg,,,,,,,NO
34,detail,34_Pagani_Huayra/34_pagani_huayra_detail.jpg,,,,,,,NO
35,hero,35_Maserati_MC20/35_maserati_mc20_hero.jpg,,,,,,,NO
35,front,35_Maserati_MC20/35_maserati_mc20_front.jpg,,,,,,,NO
35,rear,35_Maserati_MC20/35_maserati_mc20_rear.jpg,,,,,,,NO
35,side,35_Maserati_MC20/35_maserati_mc20_side.jpg,,,,,,,NO
35,interior,35_Maserati_MC20/35_maserati_mc20_interior.jpg,,,,,,,NO
35,dashboard,35_Maserati_MC20/35_maserati_mc20_dashboard.jpg,,,,,,,NO
35,engine,35_Maserati_MC20/35_maserati_mc20_engine.jpg,,,,,,,NO
35,wheels,35_Maserati_MC20/35_maserati_mc20_wheels.jpg,,,,,,,NO
35,detail,35_Maserati_MC20/35_maserati_mc20_detail.jpg,,,,,,,NO
36,hero,36_Chevrolet_Corvette_Z06_C7/36_chevrolet_corvette_z06_c7_hero.jpg,,,,,,,NO
36,front,36_Chevrolet_Corvette_Z06_C7/36_chevrolet_corvette_z06_c7_front.jpg,,,,,,,NO
36,rear,36_Chevrolet_Corvette_Z06_C7/36_chevrolet_corvette_z06_c7_rear.jpg,,,,,,,NO
36,side,36_Chevrolet_Corvette_Z06_C7/36_chevrolet_corvette_z06_c7_side.jpg,,,,,,,NO
36,interior,36_Chevrolet_Corvette_Z06_C7/36_chevrolet_corvette_z06_c7_interior.jpg,,,,,,,NO
36,dashboard,36_Chevrolet_Corvette_Z06_C7/36_chevrolet_corvette_z06_c7_dashboard.jpg,,,,,,,NO
36,engine,36_Chevrolet_Corvette_Z06_C7/36_chevrolet_corvette_z06_c7_engine.jpg,,,,,,,NO
36,wheels,36_Chevrolet_Corvette_Z06_C7/36_chevrolet_corvette_z06_c7_wheels.jpg,,,,,,,NO
36,detail,36_Chevrolet_Corvette_Z06_C7/36_chevrolet_corvette_z06_c7_detail.jpg,,,,,,,NO
37,hero,37_Chevrolet_Corvette_Z06_C8/37_chevrolet_corvette_z06_c8_hero.jpg,,,,,,,NO
37,front,37_Chevrolet_Corvette_Z06_C8/37_chevrolet_corvette_z06_c8_front.jpg,,,,,,,NO
37,rear,37_Chevrolet_Corvette_Z06_C8/37_chevrolet_corvette_z06_c8_rear.jpg,,,,,,,NO
37,side,37_Chevrolet_Corvette_Z06_C8/37_chevrolet_corvette_z06_c8_side.jpg,,,,,,,NO
37,interior,37_Chevrolet_Corvette_Z06_C8/37_chevrolet_corvette_z06_c8_interior.jpg,,,,,,,NO
37,dashboard,37_Chevrolet_Corvette_Z06_C8/37_chevrolet_corvette_z06_c8_dashboard.jpg,,,,,,,NO
37,engine,37_Chevrolet_Corvette_Z06_C8/37_chevrolet_corvette_z06_c8_engine.jpg,,,,,,,NO
37,wheels,37_Chevrolet_Corvette_Z06_C8/37_chevrolet_corvette_z06_c8_wheels.jpg,,,,,,,NO
37,detail,37_Chevrolet_Corvette_Z06_C8/37_chevrolet_corvette_z06_c8_detail.jpg,,,,,,,NO
38,hero,38_Dodge_Challenger_SRT_Hellcat/38_dodge_challenger_srt_hellcat_hero.jpg,,,,,,,NO
38,front,38_Dodge_Challenger_SRT_Hellcat/38_dodge_challenger_srt_hellcat_front.jpg,,,,,,,NO
38,rear,38_Dodge_Challenger_SRT_Hellcat/38_dodge_challenger_srt_hellcat_rear.jpg,,,,,,,NO
38,side,38_Dodge_Challenger_SRT_Hellcat/38_dodge_challenger_srt_hellcat_side.jpg,,,,,,,NO
38,interior,38_Dodge_Challenger_SRT_Hellcat/38_dodge_challenger_srt_hellcat_interior.jpg,,,,,,,NO
38,dashboard,38_Dodge_Challenger_SRT_Hellcat/38_dodge_challenger_srt_hellcat_dashboard.jpg,,,,,,,NO
38,engine,38_Dodge_Challenger_SRT_Hellcat/38_dodge_challenger_srt_hellcat_engine.jpg,,,,,,,NO
38,wheels,38_Dodge_Challenger_SRT_Hellcat/38_dodge_challenger_srt_hellcat_wheels.jpg,,,,,,,NO
38,detail,38_Dodge_Challenger_SRT_Hellcat/38_dodge_challenger_srt_hellcat_detail.jpg,,,,,,,NO
39,hero,39_Dodge_Viper_ACR/39_dodge_viper_acr_hero.jpg,,,,,,,NO
39,front,39_Dodge_Viper_ACR/39_dodge_viper_acr_front.jpg,,,,,,,NO
39,rear,39_Dodge_Viper_ACR/39_dodge_viper_acr_rear.jpg,,,,,,,NO
39,side,39_Dodge_Viper_ACR/39_dodge_viper_acr_side.jpg,,,,,,,NO
39,interior,39_Dodge_Viper_ACR/39_dodge_viper_acr_interior.jpg,,,,,,,NO
39,dashboard,39_Dodge_Viper_ACR/39_dodge_viper_acr_dashboard.jpg,,,,,,,NO
39,engine,39_Dodge_Viper_ACR/39_dodge_viper_acr_engine.jpg,,,,,,,NO
39,wheels,39_Dodge_Viper_ACR/39_dodge_viper_acr_wheels.jpg,,,,,,,NO
39,detail,39_Dodge_Viper_ACR/39_dodge_viper_acr_detail.jpg,,,,,,,NO
40,hero,40_Ford_Mustang_Shelby_GT350/40_ford_mustang_shelby_gt350_hero.jpg,,,,,,,NO
40,front,40_Ford_Mustang_Shelby_GT350/40_ford_mustang_shelby_gt350_front.jpg,,,,,,,NO
40,rear,40_Ford_Mustang_Shelby_GT350/40_ford_mustang_shelby_gt350_rear.jpg,,,,,,,NO
40,side,40_Ford_Mustang_Shelby_GT350/40_ford_mustang_shelby_gt350_side.jpg,,,,,,,NO
40,interior,40_Ford_Mustang_Shelby_GT350/40_ford_mustang_shelby_gt350_interior.jpg,,,,,,,NO
40,dashboard,40_Ford_Mustang_Shelby_GT350/40_ford_mustang_shelby_gt350_dashboard.jpg,,,,,,,NO
40,engine,40_Ford_Mustang_Shelby_GT350/40_ford_mustang_shelby_gt350_engine.jpg,,,,,,,NO
40,wheels,40_Ford_Mustang_Shelby_GT350/40_ford_mustang_shelby_gt350_wheels.jpg,,,,,,,NO
40,detail,40_Ford_Mustang_Shelby_GT350/40_ford_mustang_shelby_gt350_detail.jpg,,,,,,,NO
41,hero,41_Ford_GT_2017/41_ford_gt_2017_hero.jpg,,,,,,,NO
41,front,41_Ford_GT_2017/41_ford_gt_2017_front.jpg,,,,,,,NO
41,rear,41_Ford_GT_2017/41_ford_gt_2017_rear.jpg,,,,,,,NO
41,side,41_Ford_GT_2017/41_ford_gt_2017_side.jpg,,,,,,,NO
41,interior,41_Ford_GT_2017/41_ford_gt_2017_interior.jpg,,,,,,,NO
41,dashboard,41_Ford_GT_2017/41_ford_gt_2017_dashboard.jpg,,,,,,,NO
41,engine,41_Ford_GT_2017/41_ford_gt_2017_engine.jpg,,,,,,,NO
41,wheels,41_Ford_GT_2017/41_ford_gt_2017_wheels.jpg,,,,,,,NO
41,detail,41_Ford_GT_2017/41_ford_gt_2017_detail.jpg,,,,,,,NO
42,hero,42_Ford_Focus_RS_Mk3/42_ford_focus_rs_mk3_hero.jpg,,,,,,,NO
42,front,42_Ford_Focus_RS_Mk3/42_ford_focus_rs_mk3_front.jpg,,,,,,,NO
42,rear,42_Ford_Focus_RS_Mk3/42_ford_focus_rs_mk3_rear.jpg,,,,,,,NO
42,side,42_Ford_Focus_RS_Mk3/42_ford_focus_rs_mk3_side.jpg,,,,,,,NO
42,interior,42_Ford_Focus_RS_Mk3/42_ford_focus_rs_mk3_interior.jpg,,,,,,,NO
42,dashboard,42_Ford_Focus_RS_Mk3/42_ford_focus_rs_mk3_dashboard.jpg,,,,,,,NO
42,engine,42_Ford_Focus_RS_Mk3/42_ford_focus_rs_mk3_engine.jpg,,,,,,,NO
42,wheels,42_Ford_Focus_RS_Mk3/42_ford_focus_rs_mk3_wheels.jpg,,,,,,,NO
42,detail,42_Ford_Focus_RS_Mk3/42_ford_focus_rs_mk3_detail.jpg,,,,,,,NO
43,hero,43_Tesla_Model_S_Plaid/43_tesla_model_s_plaid_hero.jpg,,,,,,,NO
43,front,43_Tesla_Model_S_Plaid/43_tesla_model_s_plaid_front.jpg,,,,,,,NO
43,rear,43_Tesla_Model_S_Plaid/43_tesla_model_s_plaid_rear.jpg,,,,,,,NO
43,side,43_Tesla_Model_S_Plaid/43_tesla_model_s_plaid_side.jpg,,,,,,,NO
43,interior,43_Tesla_Model_S_Plaid/43_tesla_model_s_plaid_interior.jpg,,,,,,,NO
43,dashboard,43_Tesla_Model_S_Plaid/43_tesla_model_s_plaid_dashboard.jpg,,,,,,,NO
43,engine,43_Tesla_Model_S_Plaid/43_tesla_model_s_plaid_engine.jpg,,,,,,,NO
43,wheels,43_Tesla_Model_S_Plaid/43_tesla_model_s_plaid_wheels.jpg,,,,,,,NO
43,detail,43_Tesla_Model_S_Plaid/43_tesla_model_s_plaid_detail.jpg,,,,,,,NO
44,hero,44_McLaren_F1/44_mclaren_f1_hero.jpg,,,,,,,NO
44,front,44_McLaren_F1/44_mclaren_f1_front.jpg,,,,,,,NO
44,rear,44_McLaren_F1/44_mclaren_f1_rear.jpg,,,,,,,NO
44,side,44_McLaren_F1/44_mclaren_f1_side.jpg,,,,,,,NO
44,interior,44_McLaren_F1/44_mclaren_f1_interior.jpg,,,,,,,NO
44,dashboard,44_McLaren_F1/44_mclaren_f1_dashboard.jpg,,,,,,,NO
44,engine,44_McLaren_F1/44_mclaren_f1_engine.jpg,,,,,,,NO
44,wheels,44_McLaren_F1/44_mclaren_f1_wheels.jpg,,,,,,,NO
44,detail,44_McLaren_F1/44_mclaren_f1_detail.jpg,,,,,,,NO
45,hero,45_McLaren_P1/45_mclaren_p1_hero.jpg,,,,,,,NO
45,front,45_McLaren_P1/45_mclaren_p1_front.jpg,,,,,,,NO
45,rear,45_McLaren_P1/45_mclaren_p1_rear.jpg,,,,,,,NO
45,side,45_McLaren_P1/45_mclaren_p1_side.jpg,,,,,,,NO
45,interior,45_McLaren_P1/45_mclaren_p1_interior.jpg,,,,,,,NO
45,dashboard,45_McLaren_P1/45_mclaren_p1_dashboard.jpg,,,,,,,NO
45,engine,45_McLaren_P1/45_mclaren_p1_engine.jpg,,,,,,,NO
45,wheels,45_McLaren_P1/45_mclaren_p1_wheels.jpg,,,,,,,NO
45,detail,45_McLaren_P1/45_mclaren_p1_detail.jpg,,,,,,,NO
46,hero,46_McLaren_720S/46_mclaren_720s_hero.jpg,,,,,,,NO
46,front,46_McLaren_720S/46_mclaren_720s_front.jpg,,,,,,,NO
46,rear,46_McLaren_720S/46_mclaren_720s_rear.jpg,,,,,,,NO
46,side,46_McLaren_720S/46_mclaren_720s_side.jpg,,,,,,,NO
46,interior,46_McLaren_720S/46_mclaren_720s_interior.jpg,,,,,,,NO
46,dashboard,46_McLaren_720S/46_mclaren_720s_dashboard.jpg,,,,,,,NO
46,engine,46_McLaren_720S/46_mclaren_720s_engine.jpg,,,,,,,NO
46,wheels,46_McLaren_720S/46_mclaren_720s_wheels.jpg,,,,,,,NO
46,detail,46_McLaren_720S/46_mclaren_720s_detail.jpg,,,,,,,NO
47,hero,47_Aston_Martin_DBS_Superleggera/47_aston_martin_dbs_superleggera_hero.jpg,,,,,,,NO
47,front,47_Aston_Martin_DBS_Superleggera/47_aston_martin_dbs_superleggera_front.jpg,,,,,,,NO
47,rear,47_Aston_Martin_DBS_Superleggera/47_aston_martin_dbs_superleggera_rear.jpg,,,,,,,NO
47,side,47_Aston_Martin_DBS_Superleggera/47_aston_martin_dbs_superleggera_side.jpg,,,,,,,NO
47,interior,47_Aston_Martin_DBS_Superleggera/47_aston_martin_dbs_superleggera_interior.jpg,,,,,,,NO
47,dashboard,47_Aston_Martin_DBS_Superleggera/47_aston_martin_dbs_superleggera_dashboard.jpg,,,,,,,NO
47,engine,47_Aston_Martin_DBS_Superleggera/47_aston_martin_dbs_superleggera_engine.jpg,,,,,,,NO
47,wheels,47_Aston_Martin_DBS_Superleggera/47_aston_martin_dbs_superleggera_wheels.jpg,,,,,,,NO
47,detail,47_Aston_Martin_DBS_Superleggera/47_aston_martin_dbs_superleggera_detail.jpg,,,,,,,NO
48,hero,48_Jaguar_F_Type_R_Coupe/48_jaguar_f_type_r_coupe_hero.jpg,,,,,,,NO
48,front,48_Jaguar_F_Type_R_Coupe/48_jaguar_f_type_r_coupe_front.jpg,,,,,,,NO
48,rear,48_Jaguar_F_Type_R_Coupe/48_jaguar_f_type_r_coupe_rear.jpg,,,,,,,NO
48,side,48_Jaguar_F_Type_R_Coupe/48_jaguar_f_type_r_coupe_side.jpg,,,,,,,NO
48,interior,48_Jaguar_F_Type_R_Coupe/48_jaguar_f_type_r_coupe_interior.jpg,,,,,,,NO
48,dashboard,48_Jaguar_F_Type_R_Coupe/48_jaguar_f_type_r_coupe_dashboard.jpg,,,,,,,NO
48,engine,48_Jaguar_F_Type_R_Coupe/48_jaguar_f_type_r_coupe_engine.jpg,,,,,,,NO
48,wheels,48_Jaguar_F_Type_R_Coupe/48_jaguar_f_type_r_coupe_wheels.jpg,,,,,,,NO
48,detail,48_Jaguar_F_Type_R_Coupe/48_jaguar_f_type_r_coupe_detail.jpg,,,,,,,NO
49,hero,49_Bugatti_Veyron_16_4/49_bugatti_veyron_16_4_hero.jpg,,,,,,,NO
49,front,49_Bugatti_Veyron_16_4/49_bugatti_veyron_16_4_front.jpg,,,,,,,NO
49,rear,49_Bugatti_Veyron_16_4/49_bugatti_veyron_16_4_rear.jpg,,,,,,,NO
49,side,49_Bugatti_Veyron_16_4/49_bugatti_veyron_16_4_side.jpg,,,,,,,NO
49,interior,49_Bugatti_Veyron_16_4/49_bugatti_veyron_16_4_interior.jpg,,,,,,,NO
49,dashboard,49_Bugatti_Veyron_16_4/49_bugatti_veyron_16_4_dashboard.jpg,,,,,,,NO
49,engine,49_Bugatti_Veyron_16_4/49_bugatti_veyron_16_4_engine.jpg,,,,,,,NO
49,wheels,49_Bugatti_Veyron_16_4/49_bugatti_veyron_16_4_wheels.jpg,,,,,,,NO
49,detail,49_Bugatti_Veyron_16_4/49_bugatti_veyron_16_4_detail.jpg,,,,,,,NO
50,hero,50_Koenigsegg_Jesko_Attack/50_koenigsegg_jesko_attack_hero.jpg,,,,,,,NO
50,front,50_Koenigsegg_Jesko_Attack/50_koenigsegg_jesko_attack_front.jpg,,,,,,,NO
50,rear,50_Koenigsegg_Jesko_Attack/50_koenigsegg_jesko_attack_rear.jpg,,,,,,,NO
50,side,50_Koenigsegg_Jesko_Attack/50_koenigsegg_jesko_attack_side.jpg,,,,,,,NO
50,interior,50_Koenigsegg_Jesko_Attack/50_koenigsegg_jesko_attack_interior.jpg,,,,,,,NO
50,dashboard,50_Koenigsegg_Jesko_Attack/50_koenigsegg_jesko_attack_dashboard.jpg,,,,,,,NO
50,engine,50_Koenigsegg_Jesko_Attack/50_koenigsegg_jesko_attack_engine.jpg,,,,,,,NO
50,wheels,50_Koenigsegg_Jesko_Attack/50_koenigsegg_jesko_attack_wheels.jpg,,,,,,,NO
50,detail,50_Koenigsegg_Jesko_Attack/50_koenigsegg_jesko_attack_detail.jpg,,,,,,,NO
