car_id,manufacturer,model,variant,folder,hero,front,rear,side,interior,dashboard,engine,wheels,detail
1,Nissan,GT-R,R34,01_Nissan_GT_R_R34,01_Nissan_GT_R_R34/01_nissan_gt_r_r34_hero.jpg,01_Nissan_GT_R_R34/01_nissan_gt_r_r34_front.jpg,01_Nissan_GT_R_R34/01_nissan_gt_r_r34_rear.jpg,01_Nissan_GT_R_R34/01_nissan_gt_r_r34_side.jpg,01_Nissan_GT_R_R34/01_nissan_gt_r_r34_interior.jpg,01_Nissan_GT_R_R34/01_nissan_gt_r_r34_dashboard.jpg,01_Nissan_GT_R_R34/01_nissan_gt_r_r34_engine.jpg,01_Nissan_GT_R_R34/01_nissan_gt_r_r34_wheels.jpg,01_Nissan_GT_R_R34/01_nissan_gt_r_r34_detail.jpg
2,Nissan,GT-R,R35,02_Nissan_GT_R_R35,02_Nissan_GT_R_R35/02_nissan_gt_r_r35_hero.jpg,02_Nissan_GT_R_R35/02_nissan_gt_r_r35_front.jpg,02_Nissan_GT_R_R35/02_nissan_gt_r_r35_rear.jpg,02_Nissan_GT_R_R35/02_nissan_gt_r_r35_side.jpg,02_Nissan_GT_R_R35/02_nissan_gt_r_r35_interior.jpg,02_Nissan_GT_R_R35/02_nissan_gt_r_r35_dashboard.jpg,02_Nissan_GT_R_R35/02_nissan_gt_r_r35_engine.jpg,02_Nissan_GT_R_R35/02_nissan_gt_r_r35_wheels.jpg,02_Nissan_GT_R_R35/02_nissan_gt_r_r35_detail.jpg
3,Nissan,370Z,,03_Nissan_370Z,03_Nissan_370Z/03_nissan_370z_hero.jpg,03_Nissan_370Z/03_nissan_370z_front.jpg,03_Nissan_370Z/03_nissan_370z_rear.jpg,03_Nissan_370Z/03_nissan_370z_side.jpg,03_Nissan_370Z/03_nissan_370z_interior.jpg,03_Nissan_370Z/03_nissan_370z_dashboard.jpg,03_Nissan_370Z/03_nissan_370z_engine.jpg,03_Nissan_370Z/03_nissan_370z_wheels.jpg,03_Nissan_370Z/03_nissan_370z_detail.jpg
4,Nissan,Silvia,S15,04_Nissan_Silvia_S15,04_Nissan_Silvia_S15/04_nissan_silvia_s15_hero.jpg,04_Nissan_Silvia_S15/04_nissan_silvia_s15_front.jpg,04_Nissan_Silvia_S15/04_nissan_silvia_s15_rear.jpg,04_Nissan_Silvia_S15/04_nissan_silvia_s15_side.jpg,04_Nissan_Silvia_S15/04_nissan_silvia_s15_interior.jpg,04_Nissan_Silvia_S15/04_nissan_silvia_s15_dashboard.jpg,04_Nissan_Silvia_S15/04_nissan_silvia_s15_engine.jpg,04_Nissan_Silvia_S15/04_nissan_silvia_s15_wheels.jpg,04_Nissan_Silvia_S15/04_nissan_silvia_s15_detail.jpg
5,Toyota,Supra,MK4,05_Toyota_Supra_MK4,05_Toyota_Supra_MK4/05_toyota_supra_mk4_hero.jpg,05_Toyota_Supra_MK4/05_toyota_supra_mk4_front.jpg,05_Toyota_Supra_MK4/05_toyota_supra_mk4_rear.jpg,05_Toyota_Supra_MK4/05_toyota_supra_mk4_side.jpg,05_Toyota_Supra_MK4/05_toyota_supra_mk4_interior.jpg,05_Toyota_Supra_MK4/05_toyota_supra_mk4_dashboard.jpg,05_Toyota_Supra_MK4/05_toyota_supra_mk4_engine.jpg,05_Toyota_Supra_MK4/05_toyota_supra_mk4_wheels.jpg,05_Toyota_Supra_MK4/05_toyota_supra_mk4_detail.jpg
6,Toyota,GR Supra,,06_Toyota_GR_Supra,06_Toyota_GR_Supra/06_toyota_gr_supra_hero.jpg,06_Toyota_GR_Supra/06_toyota_gr_supra_front.jpg,06_Toyota_GR_Supra/06_toyota_gr_supra_rear.jpg,06_Toyota_GR_Supra/06_toyota_gr_supra_side.jpg,06_Toyota_GR_Supra/06_toyota_gr_supra_interior.jpg,06_Toyota_GR_Supra/06_toyota_gr_supra_dashboard.jpg,06_Toyota_GR_Supra/06_toyota_gr_supra_engine.jpg,06_Toyota_GR_Supra/06_toyota_gr_supra_wheels.jpg,06_Toyota_GR_Supra/06_toyota_gr_supra_detail.jpg
7,Toyota,AE86,,07_Toyota_AE86,07_Toyota_AE86/07_toyota_ae86_hero.jpg,07_Toyota_AE86/07_toyota_ae86_front.jpg,07_Toyota_AE86/07_toyota_ae86_rear.jpg,07_Toyota_AE86/07_toyota_ae86_side.jpg,07_Toyota_AE86/07_toyota_ae86_interior.jpg,07_Toyota_AE86/07_toyota_ae86_dashboard.jpg,07_Toyota_AE86/07_toyota_ae86_engine.jpg,07_Toyota_AE86/07_toyota_ae86_wheels.jpg,07_Toyota_AE86/07_toyota_ae86_detail.jpg
8,Toyota,GR86,,08_Toyota_GR86,08_Toyota_GR86/08_toyota_gr86_hero.jpg,08_Toyota_GR86/08_toyota_gr86_front.jpg,08_Toyota_GR86/08_toyota_gr86_rear.jpg,08_Toyota_GR86/08_toyota_gr86_side.jpg,08_Toyota_GR86/08_toyota_gr86_interior.jpg,08_Toyota_GR86/08_toyota_gr86_dashboard.jpg,08_Toyota_GR86/08_toyota_gr86_engine.jpg,08_Toyota_GR86/08_toyota_gr86_wheels.jpg,08_Toyota_GR86/08_toyota_gr86_detail.jpg
9,Mazda,RX-7,FD,09_Mazda_RX_7_FD,09_Mazda_RX_7_FD/09_mazda_rx_7_fd_hero.jpg,09_Mazda_RX_7_FD/09_mazda_rx_7_fd_front.jpg,09_Mazda_RX_7_FD/09_mazda_rx_7_fd_rear.jpg,09_Mazda_RX_7_FD/09_mazda_rx_7_fd_side.jpg,09_Mazda_RX_7_FD/09_mazda_rx_7_fd_interior.jpg,09_Mazda_RX_7_FD/09_mazda_rx_7_fd_dashboard.jpg,09_Mazda_RX_7_FD/09_mazda_rx_7_fd_engine.jpg,09_Mazda_RX_7_FD/09_mazda_rx_7_fd_wheels.jpg,09_Mazda_RX_7_FD/09_mazda_rx_7_fd_detail.jpg
10,Mazda,RX-8,,10_Mazda_RX_8,10_Mazda_RX_8/10_mazda_rx_8_hero.jpg,10_Mazda_RX_8/10_mazda_rx_8_front.jpg,10_Mazda_RX_8/10_mazda_rx_8_rear.jpg,10_Mazda_RX_8/10_mazda_rx_8_side.jpg,10_Mazda_RX_8/10_mazda_rx_8_interior.jpg,10_Mazda_RX_8/10_mazda_rx_8_dashboard.jpg,10_Mazda_RX_8/10_mazda_rx_8_engine.jpg,10_Mazda_RX_8/10_mazda_rx_8_wheels.jpg,10_Mazda_RX_8/10_mazda_rx_8_detail.jpg
11,Honda,NSX,NA1,11_Honda_NSX_NA1,11_Honda_NSX_NA1/11_honda_nsx_na1_hero.jpg,11_Honda_NSX_NA1/11_honda_nsx_na1_front.jpg,11_Honda_NSX_NA1/11_honda_nsx_na1_rear.jpg,11_Honda_NSX_NA1/11_honda_nsx_na1_side.jpg,11_Honda_NSX_NA1/11_honda_nsx_na1_interior.jpg,11_Honda_NSX_NA1/11_honda_nsx_na1_dashboard.jpg,11_Honda_NSX_NA1/11_honda_nsx_na1_engine.jpg,11_Honda_NSX_NA1/11_honda_nsx_na1_wheels.jpg,11_Honda_NSX_NA1/11_honda_nsx_na1_detail.jpg
12,Honda,Civic Type R,FK8,12_Honda_Civic_Type_R_FK8,12_Honda_Civic_Type_R_FK8/12_honda_civic_type_r_fk8_hero.jpg,12_Honda_Civic_Type_R_FK8/12_honda_civic_type_r_fk8_front.jpg,12_Honda_Civic_Type_R_FK8/12_honda_civic_type_r_fk8_rear.jpg,12_Honda_Civic_Type_R_FK8/12_honda_civic_type_r_fk8_side.jpg,12_Honda_Civic_Type_R_FK8/12_honda_civic_type_r_fk8_interior.jpg,12_Honda_Civic_Type_R_FK8/12_honda_civic_type_r_fk8_dashboard.jpg,12_Honda_Civic_Type_R_FK8/12_honda_civic_type_r_fk8_engine.jpg,12_Honda_Civic_Type_R_FK8/12_honda_civic_type_r_fk8_wheels.jpg,12_Honda_Civic_Type_R_FK8/12_honda_civic_type_r_fk8_detail.jpg
13,Honda,S2000,AP2,13_Honda_S2000_AP2,13_Honda_S2000_AP2/13_honda_s2000_ap2_hero.jpg,13_Honda_S2000_AP2/13_honda_s2000_ap2_front.jpg,13_Honda_S2000_AP2/13_honda_s2000_ap2_rear.jpg,13_Honda_S2000_AP2/13_honda_s2000_ap2_side.jpg,13_Honda_S2000_AP2/13_honda_s2000_ap2_interior.jpg,13_Honda_S2000_AP2/13_honda_s2000_ap2_dashboard.jpg,13_Honda_S2000_AP2/13_honda_s2000_ap2_engine.jpg,13_Honda_S2000_AP2/13_honda_s2000_ap2_wheels.jpg,13_Honda_S2000_AP2/13_honda_s2000_ap2_detail.jpg
14,Subaru,WRX STI,VA,14_Subaru_WRX_STI_VA,14_Subaru_WRX_STI_VA/14_subaru_wrx_sti_va_hero.jpg,14_Subaru_WRX_STI_VA/14_subaru_wrx_sti_va_front.jpg,14_Subaru_WRX_STI_VA/14_subaru_wrx_sti_va_rear.jpg,14_Subaru_WRX_STI_VA/14_subaru_wrx_sti_va_side.jpg,14_Subaru_WRX_STI_VA/14_subaru_wrx_sti_va_interior.jpg,14_Subaru_WRX_STI_VA/14_subaru_wrx_sti_va_dashboard.jpg,14_Subaru_WRX_STI_VA/14_subaru_wrx_sti_va_engine.jpg,14_Subaru_WRX_STI_VA/14_subaru_wrx_sti_va_wheels.jpg,14_Subaru_WRX_STI_VA/14_subaru_wrx_sti_va_detail.jpg
15,Mitsubishi,Lancer Evolution,IX,15_Mitsubishi_Lancer_Evolution_IX,15_Mitsubishi_Lancer_Evolution_IX/15_mitsubishi_lancer_evolution_ix_hero.jpg,15_Mitsubishi_Lancer_Evolution_IX/15_mitsubishi_lancer_evolution_ix_front.jpg,15_Mitsubishi_Lancer_Evolution_IX/15_mitsubishi_lancer_evolution_ix_rear.jpg,15_Mitsubishi_Lancer_Evolution_IX/15_mitsubishi_lancer_evolution_ix_side.jpg,15_Mitsubishi_Lancer_Evolution_IX/15_mitsubishi_lancer_evolution_ix_interior.jpg,15_Mitsubishi_Lancer_Evolution_IX/15_mitsubishi_lancer_evolution_ix_dashboard.jpg,15_Mitsubishi_Lancer_Evolution_IX/15_mitsubishi_lancer_evolution_ix_engine.jpg,15_Mitsubishi_Lancer_Evolution_IX/15_mitsubishi_lancer_evolution_ix_wheels.jpg,15_Mitsubishi_Lancer_Evolution_IX/15_mitsubishi_lancer_evolution_ix_detail.jpg
16,BMW,M3,E46,16_BMW_M3_E46,16_BMW_M3_E46/16_bmw_m3_e46_hero.jpg,16_BMW_M3_E46/16_bmw_m3_e46_front.jpg,16_BMW_M3_E46/16_bmw_m3_e46_rear.jpg,16_BMW_M3_E46/16_bmw_m3_e46_side.jpg,16_BMW_M3_E46/16_bmw_m3_e46_interior.jpg,16_BMW_M3_E46/16_bmw_m3_e46_dashboard.jpg,16_BMW_M3_E46/16_bmw_m3_e46_engine.jpg,16_BMW_M3_E46/16_bmw_m3_e46_wheels.jpg,16_BMW_M3_E46/16_bmw_m3_e46_detail.jpg
17,BMW,M4 Competition,G82,17_BMW_M4_Competition_G82,17_BMW_M4_Competition_G82/17_bmw_m4_competition_g82_hero.jpg,17_BMW_M4_Competition_G82/17_bmw_m4_competition_g82_front.jpg,17_BMW_M4_Competition_G82/17_bmw_m4_competition_g82_rear.jpg,17_BMW_M4_Competition_G82/17_bmw_m4_competition_g82_side.jpg,17_BMW_M4_Competition_G82/17_bmw_m4_competition_g82_interior.jpg,17_BMW_M4_Competition_G82/17_bmw_m4_competition_g82_dashboard.jpg,17_BMW_M4_Competition_G82/17_bmw_m4_competition_g82_engine.jpg,17_BMW_M4_Competition_G82/17_bmw_m4_competition_g82_wheels.jpg,17_BMW_M4_Competition_G82/17_bmw_m4_competition_g82_detail.jpg
18,BMW,M5,E60,18_BMW_M5_E60,18_BMW_M5_E60/18_bmw_m5_e60_hero.jpg,18_BMW_M5_E60/18_bmw_m5_e60_front.jpg,18_BMW_M5_E60/18_bmw_m5_e60_rear.jpg,18_BMW_M5_E60/18_bmw_m5_e60_side.jpg,18_BMW_M5_E60/18_bmw_m5_e60_interior.jpg,18_BMW_M5_E60/18_bmw_m5_e60_dashboard.jpg,18_BMW_M5_E60/18_bmw_m5_e60_engine.jpg,18_BMW_M5_E60/18_bmw_m5_e60_wheels.jpg,18_BMW_M5_E60/18_bmw_m5_e60_detail.jpg
19,BMW,M8 Competition,,19_BMW_M8_Competition,19_BMW_M8_Competition/19_bmw_m8_competition_hero.jpg,19_BMW_M8_Competition/19_bmw_m8_competition_front.jpg,19_BMW_M8_Competition/19_bmw_m8_competition_rear.jpg,19_BMW_M8_Competition/19_bmw_m8_competition_side.jpg,19_BMW_M8_Competition/19_bmw_m8_competition_interior.jpg,19_BMW_M8_Competition/19_bmw_m8_competition_dashboard.jpg,19_BMW_M8_Competition/19_bmw_m8_competition_engine.jpg,19_BMW_M8_Competition/19_bmw_m8_competition_wheels.jpg,19_BMW_M8_Competition/19_bmw_m8_competition_detail.jpg
20,Audi,RS6 Avant,C8,20_Audi_RS6_Avant_C8,20_Audi_RS6_Avant_C8/20_audi_rs6_avant_c8_hero.jpg,20_Audi_RS6_Avant_C8/20_audi_rs6_avant_c8_front.jpg,20_Audi_RS6_Avant_C8/20_audi_rs6_avant_c8_rear.jpg,20_Audi_RS6_Avant_C8/20_audi_rs6_avant_c8_side.jpg,20_Audi_RS6_Avant_C8/20_audi_rs6_avant_c8_interior.jpg,20_Audi_RS6_Avant_C8/20_audi_rs6_avant_c8_dashboard.jpg,20_Audi_RS6_Avant_C8/20_audi_rs6_avant_c8_engine.jpg,20_Audi_RS6_Avant_C8/20_audi_rs6_avant_c8_wheels.jpg,20_Audi_RS6_Avant_C8/20_audi_rs6_avant_c8_detail.jpg
21,Audi,R8 V10 Performance,,21_Audi_R8_V10_Performance,21_Audi_R8_V10_Performance/21_audi_r8_v10_performance_hero.jpg,21_Audi_R8_V10_Performance/21_audi_r8_v10_performance_front.jpg,21_Audi_R8_V10_Performance/21_audi_r8_v10_performance_rear.jpg,21_Audi_R8_V10_Performance/21_audi_r8_v10_performance_side.jpg,21_Audi_R8_V10_Performance/21_audi_r8_v10_performance_interior.jpg,21_Audi_R8_V10_Performance/21_audi_r8_v10_performance_dashboard.jpg,21_Audi_R8_V10_Performance/21_audi_r8_v10_performance_engine.jpg,21_Audi_R8_V10_Performance/21_audi_r8_v10_performance_wheels.jpg,21_Audi_R8_V10_Performance/21_audi_r8_v10_performance_detail.jpg
22,Mercedes-Benz,C63 AMG,W204,22_Mercedes_Benz_C63_AMG_W204,22_Mercedes_Benz_C63_AMG_W204/22_mercedes_benz_c63_amg_w204_hero.jpg,22_Mercedes_Benz_C63_AMG_W204/22_mercedes_benz_c63_amg_w204_front.jpg,22_Mercedes_Benz_C63_AMG_W204/22_mercedes_benz_c63_amg_w204_rear.jpg,22_Mercedes_Benz_C63_AMG_W204/22_mercedes_benz_c63_amg_w204_side.jpg,22_Mercedes_Benz_C63_AMG_W204/22_mercedes_benz_c63_amg_w204_interior.jpg,22_Mercedes_Benz_C63_AMG_W204/22_mercedes_benz_c63_amg_w204_dashboard.jpg,22_Mercedes_Benz_C63_AMG_W204/22_mercedes_benz_c63_amg_w204_engine.jpg,22_Mercedes_Benz_C63_AMG_W204/22_mercedes_benz_c63_amg_w204_wheels.jpg,22_Mercedes_Benz_C63_AMG_W204/22_mercedes_benz_c63_amg_w204_detail.jpg
23,Mercedes-Benz,AMG GT R,,23_Mercedes_Benz_AMG_GT_R,23_Mercedes_Benz_AMG_GT_R/23_mercedes_benz_amg_gt_r_hero.jpg,23_Mercedes_Benz_AMG_GT_R/23_mercedes_benz_amg_gt_r_front.jpg,23_Mercedes_Benz_AMG_GT_R/23_mercedes_benz_amg_gt_r_rear.jpg,23_Mercedes_Benz_AMG_GT_R/23_mercedes_benz_amg_gt_r_side.jpg,23_Mercedes_Benz_AMG_GT_R/23_mercedes_benz_amg_gt_r_interior.jpg,23_Mercedes_Benz_AMG_GT_R/23_mercedes_benz_amg_gt_r_dashboard.jpg,23_Mercedes_Benz_AMG_GT_R/23_mercedes_benz_amg_gt_r_engine.jpg,23_Mercedes_Benz_AMG_GT_R/23_mercedes_benz_amg_gt_r_wheels.jpg,23_Mercedes_Benz_AMG_GT_R/23_mercedes_benz_amg_gt_r_detail.jpg
24,Porsche,911 GT3,992,24_Porsche_911_GT3_992,24_Porsche_911_GT3_992/24_porsche_911_gt3_992_hero.jpg,24_Porsche_911_GT3_992/24_porsche_911_gt3_992_front.jpg,24_Porsche_911_GT3_992/24_porsche_911_gt3_992_rear.jpg,24_Porsche_911_GT3_992/24_porsche_911_gt3_992_side.jpg,24_Porsche_911_GT3_992/24_porsche_911_gt3_992_interior.jpg,24_Porsche_911_GT3_992/24_porsche_911_gt3_992_dashboard.jpg,24_Porsche_911_GT3_992/24_porsche_911_gt3_992_engine.jpg,24_Porsche_911_GT3_992/24_porsche_911_gt3_992_wheels.jpg,24_Porsche_911_GT3_992/24_porsche_911_gt3_992_detail.jpg
25,Porsche,Carrera GT,,25_Porsche_Carrera_GT,25_Porsche_Carrera_GT/25_porsche_carrera_gt_hero.jpg,25_Porsche_Carrera_GT/25_porsche_carrera_gt_front.jpg,25_Porsche_Carrera_GT/25_porsche_carrera_gt_rear.jpg,25_Porsche_Carrera_GT/25_porsche_carrera_gt_side.jpg,25_Porsche_Carrera_GT/25_porsche_carrera_gt_interior.jpg,25_Porsche_Carrera_GT/25_porsche_carrera_gt_dashboard.jpg,25_Porsche_Carrera_GT/25_porsche_carrera_gt_engine.jpg,25_Porsche_Carrera_GT/25_porsche_carrera_gt_wheels.jpg,25_Porsche_Carrera_GT/25_porsche_carrera_gt_detail.jpg
26,Ferrari,F40,,26_Ferrari_F40,26_Ferrari_F40/26_ferrari_f40_hero.jpg,26_Ferrari_F40/26_ferrari_f40_front.jpg,26_Ferrari_F40/26_ferrari_f40_rear.jpg,26_Ferrari_F40/26_ferrari_f40_side.jpg,26_Ferrari_F40/26_ferrari_f40_interior.jpg,26_Ferrari_F40/26_ferrari_f40_dashboard.jpg,26_Ferrari_F40/26_ferrari_f40_engine.jpg,26_Ferrari_F40/26_ferrari_f40_wheels.jpg,26_Ferrari_F40/26_ferrari_f40_detail.jpg
27,Ferrari,F50,,27_Ferrari_F50,27_Ferrari_F50/27_ferrari_f50_hero.jpg,27_Ferrari_F50/27_ferrari_f50_front.jpg,27_Ferrari_F50/27_ferrari_f50_rear.jpg,27_Ferrari_F50/27_ferrari_f50_side.jpg,27_Ferrari_F50/27_ferrari_f50_interior.jpg,27_Ferrari_F50/27_ferrari_f50_dashboard.jpg,27_Ferrari_F50/27_ferrari_f50_engine.jpg,27_Ferrari_F50/27_ferrari_f50_wheels.jpg,27_Ferrari_F50/27_ferrari_f50_detail.jpg
28,Ferrari,Enzo,,28_Ferrari_Enzo,28_Ferrari_Enzo/28_ferrari_enzo_hero.jpg,28_Ferrari_Enzo/28_ferrari_enzo_front.jpg,28_Ferrari_Enzo/28_ferrari_enzo_rear.jpg,28_Ferrari_Enzo/28_ferrari_enzo_side.jpg,28_Ferrari_Enzo/28_ferrari_enzo_interior.jpg,28_Ferrari_Enzo/28_ferrari_enzo_dashboard.jpg,28_Ferrari_Enzo/28_ferrari_enzo_engine.jpg,28_Ferrari_Enzo/28_ferrari_enzo_wheels.jpg,28_Ferrari_Enzo/28_ferrari_enzo_detail.jpg
29,Ferrari,458 Italia,,29_Ferrari_458_Italia,29_Ferrari_458_Italia/29_ferrari_458_italia_hero.jpg,29_Ferrari_458_Italia/29_ferrari_458_italia_front.jpg,29_Ferrari_458_Italia/29_ferrari_458_italia_rear.jpg,29_Ferrari_458_Italia/29_ferrari_458_italia_side.jpg,29_Ferrari_458_Italia/29_ferrari_458_italia_interior.jpg,29_Ferrari_458_Italia/29_ferrari_458_italia_dashboard.jpg,29_Ferrari_458_Italia/29_ferrari_458_italia_engine.jpg,29_Ferrari_458_Italia/29_ferrari_458_italia_wheels.jpg,29_Ferrari_458_Italia/29_ferrari_458_italia_detail.jpg
30,Ferrari,SF90 Stradale,,30_Ferrari_SF90_Stradale,30_Ferrari_SF90_Stradale/30_ferrari_sf90_stradale_hero.jpg,30_Ferrari_SF90_Stradale/30_ferrari_sf90_stradale_front.jpg,30_Ferrari_SF90_Stradale/30_ferrari_sf90_stradale_rear.jpg,30_Ferrari_SF90_Stradale/30_ferrari_sf90_stradale_side.jpg,30_Ferrari_SF90_Stradale/30_ferrari_sf90_stradale_interior.jpg,30_Ferrari_SF90_Stradale/30_ferrari_sf90_stradale_dashboard.jpg,30_Ferrari_SF90_Stradale/30_ferrari_sf90_stradale_engine.jpg,30_Ferrari_SF90_Stradale/30_ferrari_sf90_stradale_wheels.jpg,30_Ferrari_SF90_Stradale/30_ferrari_sf90_stradale_detail.jpg
31,Lamborghini,Gallardo,LP560-4,31_Lamborghini_Gallardo_LP560_4,31_Lamborghini_Gallardo_LP560_4/31_lamborghini_gallardo_lp560_4_hero.jpg,31_Lamborghini_Gallardo_LP560_4/31_lamborghini_gallardo_lp560_4_front.jpg,31_Lamborghini_Gallardo_LP560_4/31_lamborghini_gallardo_lp560_4_rear.jpg,31_Lamborghini_Gallardo_LP560_4/31_lamborghini_gallardo_lp560_4_side.jpg,31_Lamborghini_Gallardo_LP560_4/31_lamborghini_gallardo_lp560_4_interior.jpg,31_Lamborghini_Gallardo_LP560_4/31_lamborghini_gallardo_lp560_4_dashboard.jpg,31_Lamborghini_Gallardo_LP560_4/31_lamborghini_gallardo_lp560_4_engine.jpg,31_Lamborghini_Gallardo_LP560_4/31_lamborghini_gallardo_lp560_4_wheels.jpg,31_Lamborghini_Gallardo_LP560_4/31_lamborghini_gallardo_lp560_4_detail.jpg
32,Lamborghini,Murciélago,LP640,32_Lamborghini_Murci_lago_LP640,32_Lamborghini_Murci_lago_LP640/32_lamborghini_murci_lago_lp640_hero.jpg,32_Lamborghini_Murci_lago_LP640/32_lamborghini_murci_lago_lp640_front.jpg,32_Lamborghini_Murci_lago_LP640/32_lamborghini_murci_lago_lp640_rear.jpg,32_Lamborghini_Murci_lago_LP640/32_lamborghini_murci_lago_lp640_side.jpg,32_Lamborghini_Murci_lago_LP640/32_lamborghini_murci_lago_lp640_interior.jpg,32_Lamborghini_Murci_lago_LP640/32_lamborghini_murci_lago_lp640_dashboard.jpg,32_Lamborghini_Murci_lago_LP640/32_lamborghini_murci_lago_lp640_engine.jpg,32_Lamborghini_Murci_lago_LP640/32_lamborghini_murci_lago_lp640_wheels.jpg,32_Lamborghini_Murci_lago_LP640/32_lamborghini_murci_lago_lp640_detail.jpg
33,Lamborghini,Aventador,SVJ,33_Lamborghini_Aventador_SVJ,33_Lamborghini_Aventador_SVJ/33_lamborghini_aventador_svj_hero.jpg,33_Lamborghini_Aventador_SVJ/33_lamborghini_aventador_svj_front.jpg,33_Lamborghini_Aventador_SVJ/33_lamborghini_aventador_svj_rear.jpg,33_Lamborghini_Aventador_SVJ/33_lamborghini_aventador_svj_side.jpg,33_Lamborghini_Aventador_SVJ/33_lamborghini_aventador_svj_interior.jpg,33_Lamborghini_Aventador_SVJ/33_lamborghini_aventador_svj_dashboard.jpg,33_Lamborghini_Aventador_SVJ/33_lamborghini_aventador_svj_engine.jpg,33_Lamborghini_Aventador_SVJ/33_lamborghini_aventador_svj_wheels.jpg,33_Lamborghini_Aventador_SVJ/33_lamborghini_aventador_svj_detail.jpg
34,Pagani,Huayra,,34_Pagani_Huayra,34_Pagani_Huayra/34_pagani_huayra_hero.jpg,34_Pagani_Huayra/34_pagani_huayra_front.jpg,34_Pagani_Huayra/34_pagani_huayra_rear.jpg,34_Pagani_Huayra/34_pagani_huayra_side.jpg,34_Pagani_Huayra/34_pagani_huayra_interior.jpg,34_Pagani_Huayra/34_pagani_huayra_dashboard.jpg,34_Pagani_Huayra/34_pagani_huayra_engine.jpg,34_Pagani_Huayra/34_pagani_huayra_wheels.jpg,34_Pagani_Huayra/34_pagani_huayra_detail.jpg
35,Maserati,MC20,,35_Maserati_MC20,35_Maserati_MC20/35_maserati_mc20_hero.jpg,35_Maserati_MC20/35_maserati_mc20_front.jpg,35_Maserati_MC20/35_maserati_mc20_rear.jpg,35_Maserati_MC20/35_maserati_mc20_side.jpg,35_Maserati_MC20/35_maserati_mc20_interior.jpg,35_Maserati_MC20/35_maserati_mc20_dashboard.jpg,35_Maserati_MC20/35_maserati_mc20_engine.jpg,35_Maserati_MC20/35_maserati_mc20_wheels.jpg,35_Maserati_MC20/35_maserati_mc20_detail.jpg
36,Chevrolet,Corvette Z06,C7,36_Chevrolet_Corvette_Z06_C7,36_Chevrolet_Corvette_Z06_C7/36_chevrolet_corvette_z06_c7_hero.jpg,36_Chevrolet_Corvette_Z06_C7/36_chevrolet_corvette_z06_c7_front.jpg,36_Chevrolet_Corvette_Z06_C7/36_chevrolet_corvette_z06_c7_rear.jpg,36_Chevrolet_Corvette_Z06_C7/36_chevrolet_corvette_z06_c7_side.jpg,36_Chevrolet_Corvette_Z06_C7/36_chevrolet_corvette_z06_c7_interior.jpg,36_Chevrolet_Corvette_Z06_C7/36_chevrolet_corvette_z06_c7_dashboard.jpg,36_Chevrolet_Corvette_Z06_C7/36_chevrolet_corvette_z06_c7_engine.jpg,36_Chevrolet_Corvette_Z06_C7/36_chevrolet_corvette_z06_c7_wheels.jpg,36_Chevrolet_Corvette_Z06_C7/36_chevrolet_corvette_z06_c7_detail.jpg
37,Chevrolet,Corvette Z06,C8,37_Chevrolet_Corvette_Z06_C8,37_Chevrolet_Corvette_Z06_C8/37_chevrolet_corvette_z06_c8_hero.jpg,37_Chevrolet_Corvette_Z06_C8/37_chevrolet_corvette_z06_c8_front.jpg,37_Chevrolet_Corvette_Z06_C8/37_chevrolet_corvette_z06_c8_rear.jpg,37_Chevrolet_Corvette_Z06_C8/37_chevrolet_corvette_z06_c8_side.jpg,37_Chevrolet_Corvette_Z06_C8/37_chevrolet_corvette_z06_c8_interior.jpg,37_Chevrolet_Corvette_Z06_C8/37_chevrolet_corvette_z06_c8_dashboard.jpg,37_Chevrolet_Corvette_Z06_C8/37_chevrolet_corvette_z06_c8_engine.jpg,37_Chevrolet_Corvette_Z06_C8/37_chevrolet_corvette_z06_c8_wheels.jpg,37_Chevrolet_Corvette_Z06_C8/37_chevrolet_corvette_z06_c8_detail.jpg
38,Dodge,Challenger SRT Hellcat,,38_Dodge_Challenger_SRT_Hellcat,38_Dodge_Challenger_SRT_Hellcat/38_dodge_challenger_srt_hellcat_hero.jpg,38_Dodge_Challenger_SRT_Hellcat/38_dodge_challenger_srt_hellcat_front.jpg,38_Dodge_Challenger_SRT_Hellcat/38_dodge_challenger_srt_hellcat_rear.jpg,38_Dodge_Challenger_SRT_Hellcat/38_dodge_challenger_srt_hellcat_side.jpg,38_Dodge_Challenger_SRT_Hellcat/38_dodge_challenger_srt_hellcat_interior.jpg,38_Dodge_Challenger_SRT_Hellcat/38_dodge_challenger_srt_hellcat_dashboard.jpg,38_Dodge_Challenger_SRT_Hellcat/38_dodge_challenger_srt_hellcat_engine.jpg,38_Dodge_Challenger_SRT_Hellcat/38_dodge_challenger_srt_hellcat_wheels.jpg,38_Dodge_Challenger_SRT_Hellcat/38_dodge_challenger_srt_hellcat_detail.jpg
39,Dodge,Viper ACR,,39_Dodge_Viper_ACR,39_Dodge_Viper_ACR/39_dodge_viper_acr_hero.jpg,39_Dodge_Viper_ACR/39_dodge_viper_acr_front.jpg,39_Dodge_Viper_ACR/39_dodge_viper_acr_rear.jpg,39_Dodge_Viper_ACR/39_dodge_viper_acr_side.jpg,39_Dodge_Viper_ACR/39_dodge_viper_acr_interior.jpg,39_Dodge_Viper_ACR/39_dodge_viper_acr_dashboard.jpg,39_Dodge_Viper_ACR/39_dodge_viper_acr_engine.jpg,39_Dodge_Viper_ACR/39_dodge_viper_acr_wheels.jpg,39_Dodge_Viper_ACR/39_dodge_viper_acr_detail.jpg
40,Ford,Mustang Shelby GT350,,40_Ford_Mustang_Shelby_GT350,40_Ford_Mustang_Shelby_GT350/40_ford_mustang_shelby_gt350_hero.jpg,40_Ford_Mustang_Shelby_GT350/40_ford_mustang_shelby_gt350_front.jpg,40_Ford_Mustang_Shelby_GT350/40_ford_mustang_shelby_gt350_rear.jpg,40_Ford_Mustang_Shelby_GT350/40_ford_mustang_shelby_gt350_side.jpg,40_Ford_Mustang_Shelby_GT350/40_ford_mustang_shelby_gt350_interior.jpg,40_Ford_Mustang_Shelby_GT350/40_ford_mustang_shelby_gt350_dashboard.jpg,40_Ford_Mustang_Shelby_GT350/40_ford_mustang_shelby_gt350_engine.jpg,40_Ford_Mustang_Shelby_GT350/40_ford_mustang_shelby_gt350_wheels.jpg,40_Ford_Mustang_Shelby_GT350/40_ford_mustang_shelby_gt350_detail.jpg
41,Ford,GT,2017,41_Ford_GT_2017,41_Ford_GT_2017/41_ford_gt_2017_hero.jpg,41_Ford_GT_2017/41_ford_gt_2017_front.jpg,41_Ford_GT_2017/41_ford_gt_2017_rear.jpg,41_Ford_GT_2017/41_ford_gt_2017_side.jpg,41_Ford_GT_2017/41_ford_gt_2017_interior.jpg,41_Ford_GT_2017/41_ford_gt_2017_dashboard.jpg,41_Ford_GT_2017/41_ford_gt_2017_engine.jpg,41_Ford_GT_2017/41_ford_gt_2017_wheels.jpg,41_Ford_GT_2017/41_ford_gt_2017_detail.jpg
42,Ford,Focus RS,Mk3,42_Ford_Focus_RS_Mk3,42_Ford_Focus_RS_Mk3/42_ford_focus_rs_mk3_hero.jpg,42_Ford_Focus_RS_Mk3/42_ford_focus_rs_mk3_front.jpg,42_Ford_Focus_RS_Mk3/42_ford_focus_rs_mk3_rear.jpg,42_Ford_Focus_RS_Mk3/42_ford_focus_rs_mk3_side.jpg,42_Ford_Focus_RS_Mk3/42_ford_focus_rs_mk3_interior.jpg,42_Ford_Focus_RS_Mk3/42_ford_focus_rs_mk3_dashboard.jpg,42_Ford_Focus_RS_Mk3/42_ford_focus_rs_mk3_engine.jpg,42_Ford_Focus_RS_Mk3/42_ford_focus_rs_mk3_wheels.jpg,42_Ford_Focus_RS_Mk3/42_ford_focus_rs_mk3_detail.jpg
43,Tesla,Model S Plaid,,43_Tesla_Model_S_Plaid,43_Tesla_Model_S_Plaid/43_tesla_model_s_plaid_hero.jpg,43_Tesla_Model_S_Plaid/43_tesla_model_s_plaid_front.jpg,43_Tesla_Model_S_Plaid/43_tesla_model_s_plaid_rear.jpg,43_Tesla_Model_S_Plaid/43_tesla_model_s_plaid_side.jpg,43_Tesla_Model_S_Plaid/43_tesla_model_s_plaid_interior.jpg,43_Tesla_Model_S_Plaid/43_tesla_model_s_plaid_dashboard.jpg,43_Tesla_Model_S_Plaid/43_tesla_model_s_plaid_engine.jpg,43_Tesla_Model_S_Plaid/43_tesla_model_s_plaid_wheels.jpg,43_Tesla_Model_S_Plaid/43_tesla_model_s_plaid_detail.jpg
44,McLaren,F1,,44_McLaren_F1,44_McLaren_F1/44_mclaren_f1_hero.jpg,44_McLaren_F1/44_mclaren_f1_front.jpg,44_McLaren_F1/44_mclaren_f1_rear.jpg,44_McLaren_F1/44_mclaren_f1_side.jpg,44_McLaren_F1/44_mclaren_f1_interior.jpg,44_McLaren_F1/44_mclaren_f1_dashboard.jpg,44_McLaren_F1/44_mclaren_f1_engine.jpg,44_McLaren_F1/44_mclaren_f1_wheels.jpg,44_McLaren_F1/44_mclaren_f1_detail.jpg
45,McLaren,P1,,45_McLaren_P1,45_McLaren_P1/45_mclaren_p1_hero.jpg,45_McLaren_P1/45_mclaren_p1_front.jpg,45_McLaren_P1/45_mclaren_p1_rear.jpg,45_McLaren_P1/45_mclaren_p1_side.jpg,45_McLaren_P1/45_mclaren_p1_interior.jpg,45_McLaren_P1/45_mclaren_p1_dashboard.jpg,45_McLaren_P1/45_mclaren_p1_engine.jpg,45_McLaren_P1/45_mclaren_p1_wheels.jpg,45_McLaren_P1/45_mclaren_p1_detail.jpg
46,McLaren,720S,,46_McLaren_720S,46_McLaren_720S/46_mclaren_720s_hero.jpg,46_McLaren_720S/46_mclaren_720s_front.jpg,46_McLaren_720S/46_mclaren_720s_rear.jpg,46_McLaren_720S/46_mclaren_720s_side.jpg,46_McLaren_720S/46_mclaren_720s_interior.jpg,46_McLaren_720S/46_mclaren_720s_dashboard.jpg,46_McLaren_720S/46_mclaren_720s_engine.jpg,46_McLaren_720S/46_mclaren_720s_wheels.jpg,46_McLaren_720S/46_mclaren_720s_detail.jpg
47,Aston Martin,DBS Superleggera,,47_Aston_Martin_DBS_Superleggera,47_Aston_Martin_DBS_Superleggera/47_aston_martin_dbs_superleggera_hero.jpg,47_Aston_Martin_DBS_Superleggera/47_aston_martin_dbs_superleggera_front.jpg,47_Aston_Martin_DBS_Superleggera/47_aston_martin_dbs_superleggera_rear.jpg,47_Aston_Martin_DBS_Superleggera/47_aston_martin_dbs_superleggera_side.jpg,47_Aston_Martin_DBS_Superleggera/47_aston_martin_dbs_superleggera_interior.jpg,47_Aston_Martin_DBS_Superleggera/47_aston_martin_dbs_superleggera_dashboard.jpg,47_Aston_Martin_DBS_Superleggera/47_aston_martin_dbs_superleggera_engine.jpg,47_Aston_Martin_DBS_Superleggera/47_aston_martin_dbs_superleggera_wheels.jpg,47_Aston_Martin_DBS_Superleggera/47_aston_martin_dbs_superleggera_detail.jpg
48,Jaguar,F-Type R Coupe,,48_Jaguar_F_Type_R_Coupe,48_Jaguar_F_Type_R_Coupe/48_jaguar_f_type_r_coupe_hero.jpg,48_Jaguar_F_Type_R_Coupe/48_jaguar_f_type_r_coupe_front.jpg,48_Jaguar_F_Type_R_Coupe/48_jaguar_f_type_r_coupe_rear.jpg,48_Jaguar_F_Type_R_Coupe/48_jaguar_f_type_r_coupe_side.jpg,48_Jaguar_F_Type_R_Coupe/48_jaguar_f_type_r_coupe_interior.jpg,48_Jaguar_F_Type_R_Coupe/48_jaguar_f_type_r_coupe_dashboard.jpg,48_Jaguar_F_Type_R_Coupe/48_jaguar_f_type_r_coupe_engine.jpg,48_Jaguar_F_Type_R_Coupe/48_jaguar_f_type_r_coupe_wheels.jpg,48_Jaguar_F_Type_R_Coupe/48_jaguar_f_type_r_coupe_detail.jpg
49,Bugatti,Veyron 16.4,,49_Bugatti_Veyron_16_4,49_Bugatti_Veyron_16_4/49_bugatti_veyron_16_4_hero.jpg,49_Bugatti_Veyron_16_4/49_bugatti_veyron_16_4_front.jpg,49_Bugatti_Veyron_16_4/49_bugatti_veyron_16_4_rear.jpg,49_Bugatti_Veyron_16_4/49_bugatti_veyron_16_4_side.jpg,49_Bugatti_Veyron_16_4/49_bugatti_veyron_16_4_interior.jpg,49_Bugatti_Veyron_16_4/49_bugatti_veyron_16_4_dashboard.jpg,49_Bugatti_Veyron_16_4/49_bugatti_veyron_16_4_engine.jpg,49_Bugatti_Veyron_16_4/49_bugatti_veyron_16_4_wheels.jpg,49_Bugatti_Veyron_16_4/49_bugatti_veyron_16_4_detail.jpg
50,Koenigsegg,Jesko Attack,,50_Koenigsegg_Jesko_Attack,50_Koenigsegg_Jesko_Attack/50_koenigsegg_jesko_attack_hero.jpg,50_Koenigsegg_Jesko_Attack/50_koenigsegg_jesko_attack_front.jpg,50_Koenigsegg_Jesko_Attack/50_koenigsegg_jesko_attack_rear.jpg,50_Koenigsegg_Jesko_Attack/50_koenigsegg_jesko_attack_side.jpg,50_Koenigsegg_Jesko_Attack/50_koenigsegg_jesko_attack_interior.jpg,50_Koenigsegg_Jesko_Attack/50_koenigsegg_jesko_attack_dashboard.jpg,50_Koenigsegg_Jesko_Attack/50_koenigsegg_jesko_attack_engine.jpg,50_Koenigsegg_Jesko_Attack/50_koenigsegg_jesko_attack_wheels.jpg,50_Koenigsegg_Jesko_Attack/50_koenigsegg_jesko_attack_detail.jpg
